Time:,4:53:07.400034,Size:,250,CPU:,Intel(R) Xeon(R) Gold 6130 CPU @ 2.10GHz
MSE,H1,H2,Epochs,Batch Size,Learning rate
0.04914099401891392,6,8,389,211,0.08064192423412105
0.09551845370928835,10,6,202,197,0.03347436684648108
0.06361402610540454,8,8,157,75,0.0029341447674022508
0.0700193120357859,4,8,240,133,0.048605878610700065
0.06856873296743589,8,4,194,252,0.07270977873486632
0.07402493236198973,2,10,389,65,0.060583999231349536
0.06149199684127684,10,2,43,276,0.020185806377915286
0.18729486618001973,10,6,366,251,0.030757790160119945
0.06043508578288074,6,6,77,42,0.06979800950077969
0.07571019720800155,6,10,221,118,0.06686328542085089
0.09392798061872928,4,8,394,276,0.018810961046816087
0.04108133175725501,4,8,296,22,0.09712336592657626
0.07920179134519098,2,6,193,39,0.09876741241299145
0.045045518767461434,6,6,380,44,0.03610195968586977
0.08542353789917354,4,2,120,88,0.012006459246827077
0.04491852931292663,4,2,133,202,0.009669953007555831
0.11679314087903811,10,4,126,186,0.056077578577088345
0.057373150332198974,6,4,61,253,0.09041360125837512
0.038056995585663764,8,4,136,52,0.09736574659897988
0.07455922812340551,2,4,270,183,0.08714436116424583
0.04218059681083797,6,8,254,155,0.09884880914230898
0.0424028271407696,2,6,86,64,0.03573297491422772
0.17064372521892068,8,6,367,82,0.04645931738342402
0.040858991331934436,4,8,60,87,0.08040175895092692
0.056218744646935506,8,4,251,183,0.06155147659912612
0.04935840853519513,10,6,324,135,0.0692480037350623
0.04464475412550617,10,6,105,153,0.04594197287104473
0.09203513367795806,4,6,260,84,0.0611383794408819
0.06766160727800603,6,6,105,273,0.03282993148972293
0.04325727382020656,6,4,190,10,0.08988712008927235
0.07392946125319295,4,8,274,231,0.0652561515151052
0.040663067712388354,6,6,204,168,0.07909566993167284
0.04788271173233734,6,2,45,197,0.0545702776484065
0.046229349299949436,6,4,102,30,0.06137483481102342
0.06335674298463519,8,10,191,229,0.019160009000861955
0.08496603472441458,4,6,171,174,0.005868339592638942
0.07409793648735767,6,4,212,206,0.05425040912439362
0.08617144598613562,6,8,222,196,0.06662136233211248
0.035982429898659476,6,4,342,31,0.0944655478245442
0.27693442982688754,6,10,224,205,0.05947601575810611
0.04081554901711395,4,10,239,87,0.05434887024431983
0.11456997529301674,4,10,65,165,0.009783913896099674
0.08863827333082709,6,6,215,187,0.04761548789527824
0.056473609397286795,6,6,352,234,0.07670171430563848
0.0778252611858849,8,8,260,68,0.007443501056011269
0.0333981524631859,4,10,333,15,0.0951016739595857
0.05331299660755866,8,4,133,34,0.011330321831596194
0.05363247863943451,10,8,373,175,0.005542946899956124
0.06015262803771847,2,8,245,5,0.009571527268958182
0.036104876198529416,4,6,188,22,0.0643573101648519
0.06995815248051997,4,10,206,16,0.09532175633180467
0.03921222500328021,4,10,383,17,0.0954553334148546
0.07624092089022401,4,10,338,14,0.09493153645258766
0.058166715247385814,6,6,259,47,0.09138743974195479
0.0389137871516883,8,6,260,47,0.09140904855679875
0.03786184092673732,6,4,213,33,0.09470553576682832
0.22828260531564945,6,4,194,35,0.0949057613906803
0.08618614024935109,8,4,135,97,0.08100399076128621
0.06074781592751659,10,6,261,48,0.09220574774598453
0.050573632269020626,6,4,342,31,0.09446554465264273
0.03793373208489821,4,6,188,22,0.06431565874894822
0.04870598538478948,8,4,213,33,0.09470534177100495
0.04305476687089563,4,6,188,22,0.06435348117036195
0.04388770901998504,6,6,188,22,0.06430499946511686
0.0825734169169906,6,4,136,52,0.09736574708690403
0.03661472673508866,4,10,333,15,0.09626868978392532
0.048924476936348826,10,4,136,52,0.06381871228628778
0.04564739013182516,4,10,333,15,0.0931200171418575
0.12914588339008698,4,10,239,87,0.05434725204830042
0.07674535460604577,2,10,332,15,0.02064709126066916
0.03928547570770281,4,6,188,22,0.06427477608432165
0.2358282469847612,8,6,188,22,0.06425659887389783
0.04854382230391156,8,6,260,47,0.03905262131190107
0.18301494573264757,6,6,204,168,0.09477876596975056
0.03803580515531531,6,4,213,33,0.09470530685243503
0.053619700619383155,8,6,260,47,0.09140904291708593
0.052538287295529985,8,4,136,52,0.09736574651582652
0.03629361888057882,4,6,188,22,0.06432299493746588
0.054841181822327556,10,6,106,153,0.04372550513831892
0.034962265706880886,4,6,188,22,0.06432151101163804
0.047480143952488674,4,6,188,22,0.0643190370973507
0.039455726500202515,4,10,188,22,0.06432544375367769
0.04027121267884508,4,6,60,87,0.08040175895070416
0.03674856091133084,6,4,213,33,0.09470368021403305
0.04491126134100623,4,8,188,22,0.06432622023368612
0.04140252822119932,4,4,332,15,0.09631589676355343
0.06781272282919493,4,8,332,15,0.0959287266510652
0.062351059164398,6,6,213,33,0.09470391652193107
0.03733873683118065,4,10,188,22,0.0643235465381912
0.0385063373156579,4,10,60,87,0.08040175894090053
0.038688143986200414,4,8,188,22,0.06432303522851839
0.0676751716578377,4,8,60,87,0.08040175973029139
0.04235684745416876,4,8,383,17,0.09545531203579667
0.0516097245906116,4,4,383,17,0.09545534588958332
0.07450337618897826,6,8,204,168,0.0749217345642414
0.04342889743108196,4,6,188,22,0.06432264947231545
0.0330676994606546,4,4,298,22,0.09809024621499796
0.05097703821222303,6,8,251,156,0.09963684842454501
0.0573239824670345,6,8,217,33,0.09472465056287335
0.041646849235413966,6,10,343,33,0.0901372671259198
0.03781434086489959,4,4,298,29,0.09821828989688841
0.048093518256110065,4,2,299,24,0.09846125473840726
0.04768815501581661,4,4,296,26,0.09796924350102051
0.04214016523677534,4,8,188,22,0.06432380005112112
0.04005472046769008,6,6,188,123,0.08791626891265042
0.052264781045224515,4,10,188,22,0.0643230368454638
0.028073647861913284,4,4,300,23,0.09829779897188314
0.045269530046296844,4,6,301,21,0.09713269155956436
0.05896051048493303,4,6,300,104,0.09826900428387132
0.05148266415566034,6,8,189,73,0.08840218088384978
0.06107743895318624,6,10,202,153,0.08150440879397139
0.05319806672692782,6,8,188,115,0.08766100258803722
0.04845097783463996,6,10,343,36,0.09212940866563256
0.04924814630938454,4,8,183,254,0.06538502801173063
0.027051138075875707,4,4,301,23,0.09834597297204987
0.03950282810219383,4,4,301,23,0.0983750041547241
0.0653520958069238,6,4,341,21,0.09126720165475992
0.029974098899994583,4,6,188,22,0.06432788093868795
0.03823352157208122,4,10,330,16,0.09650146191197558
0.06040970506338968,6,4,216,33,0.09464330700484112
0.04004182808241949,4,6,188,22,0.06434128981744221
0.04131711964293097,4,4,300,23,0.0982902013100049
0.04533397556001673,6,6,204,168,0.07442564523177331
0.030634322198796925,4,10,331,15,0.0962399689792732
0.04103676288959512,4,6,64,91,0.08344549333374378
0.04895578159811101,4,8,326,1,0.09460222785632279
0.05722640341355266,6,10,350,83,0.0900331135268049
0.036946618446246186,4,6,188,22,0.06858634670821773
0.16731663081453288,4,2,191,1,0.06683248914571942
0.0464612092923361,4,2,186,37,0.06942888928037319
0.05804828580409861,4,6,187,27,0.066924221895293
0.042951047075371125,4,8,301,24,0.09963639855874418
0.0531281928275555,4,4,300,23,0.09797748169715163
0.049341736715683454,4,4,304,31,0.09751212899928963
0.04627674002221453,4,6,326,15,0.0943040769089198
0.03361697235359194,4,4,299,18,0.1
0.05299159988559271,6,10,189,2,0.08782409097440654
0.0410552022593142,4,2,329,23,0.09738832840427315
0.06527850775331082,6,10,184,131,0.086108249929875
0.08696038394479683,6,4,261,153,0.09700650130549705
0.04793941131253539,4,8,328,15,0.1
0.041598900405464184,4,8,299,18,0.1
0.041787684314910534,4,6,299,20,0.09971444056570113
0.04791610989175217,4,8,296,12,0.09808439492909471
0.08604392160872909,4,8,330,18,0.09559591600653995
0.03249487762667461,4,6,62,100,0.08167626190125162
0.04057488427592689,4,6,62,99,0.08187302947792671
0.03510451291832122,4,10,65,100,0.07979994362283586
0.039186172661663486,4,6,64,100,0.08071284928749439
0.036480992209932006,4,8,63,99,0.08082028217311865
0.04866648444482581,4,6,63,99,0.0807851364618096
0.040085339144010176,4,6,186,38,0.06257457213066514
0.03973838787221664,4,8,66,105,0.08467615445961603
0.04113358127179466,4,4,190,30,0.058574491800949376
0.03907267786991244,4,8,62,110,0.08012880630144753
0.048965026883719544,4,8,64,104,0.08183169605593363
0.04195839457078085,4,6,62,104,0.07365992602143184
0.07085859697547006,6,8,219,186,0.07431506875387756
0.0315011684411095,4,8,55,105,0.07994924548714817
0.04381926873781472,6,2,219,12,0.09049542365762576
0.04271172753570449,4,8,56,105,0.07991450053779699
0.05333886764695196,4,8,55,103,0.08588643939374564
0.031611437276218485,4,10,54,109,0.07551046009930067
0.039508885162252115,4,8,54,108,0.07606823916662689
0.057083952755067904,4,10,188,115,0.05915708537872191
0.0517282394623614,4,8,53,93,0.07894292996202391
0.037311669722604704,4,8,56,223,0.07371749324396128
0.051547183815965285,4,4,332,35,0.09998067536784912
0.041050358828520615,4,4,187,17,0.06379965621633772
0.04600330418751481,4,4,55,188,0.07542891662958687
0.03582684708760052,4,4,68,108,0.07619747431630258
0.0510126759423494,4,8,187,49,0.06379744741549638
0.04362162372227256,4,8,67,116,0.07743439364831078
0.03860102596460486,4,6,53,29,0.06918779650903896
0.04717517408962938,4,10,55,45,0.0716177450590122
0.05408375318797233,6,6,345,251,0.09974180429445036
0.04674769980362602,4,4,66,17,0.0767937582695774
0.03821915549195938,4,8,71,290,0.08037833167494547
0.041412233372327245,4,8,69,185,0.0801741072865663
0.04035365217524471,4,8,72,277,0.07337384147795266
0.04072358103255953,4,10,52,209,0.07091271362083004
0.042352917160511885,4,4,68,59,0.06790414742665268
0.04553173421787951,4,4,192,215,0.050117192978011524
0.05011048859669735,4,4,70,218,0.07555166513225949
0.08248417255045887,4,10,70,296,0.08555191678276598
0.040000629692885335,4,6,76,123,0.07600196186292203
0.05085699779411871,4,10,74,278,0.07529567334602498
0.03231728991339419,4,4,74,92,0.06547425264286427
0.06159107749881136,4,2,74,88,0.0663076544939679
0.05420284549264723,4,10,72,100,0.058852319205832095
0.05036152429652717,4,6,187,229,0.06396780267502537
0.041333948518487734,4,2,55,52,0.07534514352757692
0.04358199593333348,4,4,55,250,0.07456158330727904
0.04272383087015474,4,2,81,73,0.07690125909215113
0.03371958579610007,4,4,51,254,0.06610522342228549
0.046454817199550746,4,6,51,114,0.061316824847201364
0.044024245961994536,4,10,50,185,0.06758294341539628
0.04785013762689405,4,8,78,226,0.07567734924382223
0.05296185554661206,4,10,176,1,0.07070036909381708
0.042726723783264406,6,8,253,112,0.0898735986654343
0.05200961366350267,4,2,64,54,0.0791439082089905
0.045829746666416114,4,2,62,227,0.06581155808525746
0.06230041003482384,8,8,254,277,0.0911164023544066
0.08592688006473867,10,8,101,162,0.05360570953288421
0.050677875987945,4,6,386,249,0.08956881438161518
0.05355524397318656,2,2,84,163,0.04455881773382771
0.08278932266776101,6,4,224,240,0.09101356992413077
0.03675250196340902,4,4,52,277,0.06668097913675142
0.04535370563641276,4,4,63,178,0.08351729676650928
0.04197889481089681,4,4,52,142,0.06661068252551067
0.03829201221698557,4,4,321,33,0.09868709651754953
0.04471715319383361,4,8,323,128,0.09976891492071006
0.0371987824083652,4,2,319,270,0.09212322751277859
0.04540853240741206,4,8,320,35,0.09470342595278183
0.039900556490170824,4,2,317,245,0.08521480165575616
0.03851062815519304,4,2,315,209,0.09250210071574587
0.0673298777964545,6,4,214,74,0.08732645783068457
0.03890837068549597,4,2,316,139,0.1
0.035225331391982015,4,6,317,82,0.09149964217318629
0.042670632793267826,4,4,317,79,0.09344991595654278
0.06533747041962663,4,10,317,140,0.09105091271759563
0.0461106418391398,4,4,312,40,0.09800608252312312
0.03566227223596179,4,2,318,117,0.07698394936798422
0.04159432384189327,4,2,314,106,0.0768161131074344
0.04860818605261004,4,4,319,116,0.07975488562246189
0.07335891081089678,4,4,317,213,0.06892708195974635
0.06369630030557338,4,2,314,127,0.08188771347620921
0.06387233968249474,2,8,91,67,0.02940851096360086
0.05434444884611844,2,8,79,246,0.03330943603456389
0.04764950929399838,8,6,201,54,0.07861642491682717
0.04321102571430327,4,6,141,219,0.008123459923766117
0.05855205284738969,4,8,183,5,0.07001031033991739
0.02780660065063985,4,10,53,274,0.06733300969609596
0.03998192493466914,4,10,54,258,0.0663433951225132
0.048637877894286044,4,10,53,174,0.0669659404371843
0.10645473991315549,4,8,139,107,0.015489789816750378
0.039264286440195924,4,2,135,254,0.005526387270176594
0.056476628635116814,4,4,141,260,0.002413264027347361
0.035235694764400805,4,8,186,118,0.06405474159104119
0.09739910523789654,10,8,144,252,0.06690172745253244
0.059119362649579385,8,6,269,108,0.09183417993642694
0.0357320745616031,4,4,327,298,0.08625872846963095
0.04106955396922617,4,2,325,192,0.08583323416767542
0.03857405715036187,4,6,330,211,0.08882606768034267
0.05794222381891827,4,8,330,272,0.08420156853953631
0.030927372407343813,4,4,326,254,0.0883179521253138
0.043159716156084146,4,6,67,41,0.07827478041884524
0.05287186810756171,4,4,325,34,0.08847610755870756
0.053155092566322885,6,6,249,235,0.09117661394930165
0.03962503768001689,4,2,53,6,0.0675459550799578
